file,row,key,issue_type,en_term,expected_zh,en_preview,zh_preview
abilities.csv,90,ABILITY_REFLECT_DESC,missing_expected_zh,Reflect,反射,Reflect the next projectile that hits you back at the attacker.,"将下一次击中你的投射物反弹回攻击者。
\n"
abilities.csv,388,ABILITY_WITCHHUNT_DESC,missing_expected_zh,Bounty,赏金,"Put a bounty on a unit. When that unit dies, its killer gains All Stats Up.","对一个单位下悬赏。
\n该单位死亡时，
\n击杀者获得全属性提升。"
abilities.csv,389,ABILITY_WITCHHUNT2_DESC,missing_expected_zh,Bounty,赏金,"Put a bounty on a unit. When that unit dies, it becomes meat and its killer gains All Stats Up.
\n[s:.7](This spell costs less.)[/s]","对一个单位下悬赏。
\n该单位死亡时，会变成肉，
\n且击杀者获得全属性提升。
\n[s:.7](此法术消耗更低。)[/s]"
abilities.csv,395,ABILITY_REVIVE2_DESC,missing_expected_zh,Charmed,被迷惑,"Revive a body to 100% HP and cure one of its injuries. If it was an enemy, it gets charmed.","复活一个尸体至100%生命值
\n并治愈一处伤口。
\n如果是敌人，则被魅惑。"
abilities.csv,395,ABILITY_REVIVE2_DESC,potential_bad_zh,Charmed,被迷惑,"Revive a body to 100% HP and cure one of its injuries. If it was an enemy, it gets charmed.","复活一个尸体至100%生命值
\n并治愈一处伤口。
\n如果是敌人，则被魅惑。"
abilities.csv,539,ABILITY_PORCUPINE2_DESC,missing_expected_zh,Reflect,反射,Gain +2 temporary Brace and +2 temporary Thorns until your next turn. Also reflect the next projectile you're hit by.,"直到下回合，
\n获得+2临时坚毅和+2临时荆棘。
\n
\n还可反弹下一次被击中的投射物。"
abilities.csv,604,ABILITY_THROWSPIRITBOMB_DESC,missing_expected_zh,Charge,充能,"Throw the Spirit Bomb, then this ability becomes Charge Spirit Bomb.
\n[s:.7](Cannot be thrown with 0 charges.)[/s]","投掷元气弹，
\n然后此技能变为蓄力元气弹。
\n[s:.7](积蓄为0时无法投掷。)[/s]"
abilities.csv,1017,ABILITY_HOGRUSH2_DESC,missing_expected_zh,Cleave,切割,Trample over to a tile with meat on it and Cleave all units in your way.,"践踏到有肉的格子上，
\n并斩击路上的所有单位。"
abilities.csv,1022,ABILITY_SELFHARM_DESC,missing_expected_zh,Cleave,切割,Attack yourself with Cleave to gain +2 [img:str].,"使用斩击攻击自己以获得 +2 [img:str]。
\n"
abilities.csv,1023,ABILITY_SELFHARM2_DESC,missing_expected_zh,Cleave,切割,Attack yourself at half damage with Cleave to gain +2 [img:str].,"使用斩击以半伤害攻击自己以获得 +2 [img:str]。
\n"
abilities.csv,1076,ABILITY_CRUSHINATOR_DESC,missing_expected_zh,Cleave,切割,This spell only damages Shield. Cleave and inflict Stun on units with Shield. Deals 3 Knockback to units without Shield.,"此法术只伤害护盾。
\n劈砍并使有护盾的单位眩晕。
\n对无护盾单位造成3点击退。"
abilities.csv,1077,ABILITY_CRUSHINATOR2_DESC,missing_expected_zh,Cleave,切割,This spell only damages Shield. Cleave and inflict Stun on units with Shield. Deals 10 Knockback to units without Shield.,"此法术只伤害护盾。
\n劈砍并使有护盾的单位眩晕。
\n对无护盾单位造成10点击退。"
abilities.csv,1261,ABILITY_MASSHYSTERIA_DESC,missing_expected_zh,Charmed,被迷惑,Every enemy in your line of sight takes an extra turn. They are charmed on that turn.,"你视线内的所有敌人获得额外一次行动。
\n
\n他们在该回合被魅惑。"
abilities.csv,1261,ABILITY_MASSHYSTERIA_DESC,potential_bad_zh,Charmed,被迷惑,Every enemy in your line of sight takes an extra turn. They are charmed on that turn.,"你视线内的所有敌人获得额外一次行动。
\n
\n他们在该回合被魅惑。"
abilities.csv,1262,ABILITY_MASSHYSTERIA2_DESC,missing_expected_zh,Charmed,被迷惑,"Every enemy in your line of sight takes an extra turn. They are charmed on that turn.
\n[s:.7](This spell costs less.)[/s]","你视线内的所有敌人获得额外一次行动。
\n
\n他们在该回合被魅惑。
\n[s:.7](该法术消耗降低。)[/s]"
abilities.csv,1262,ABILITY_MASSHYSTERIA2_DESC,potential_bad_zh,Charmed,被迷惑,"Every enemy in your line of sight takes an extra turn. They are charmed on that turn.
\n[s:.7](This spell costs less.)[/s]","你视线内的所有敌人获得额外一次行动。
\n
\n他们在该回合被魅惑。
\n[s:.7](该法术消耗降低。)[/s]"
abilities.csv,1528,ABILITY_FALCONPUNCH_DESC,missing_expected_zh,Charge,充能,"Charge up a mega punch.
\n[s:.7](This punch will be unleashed on your next turn.)[/s]
\n[s:.7](Castable once per turn.)[/s]","蓄力巨拳。
\n[s:.7](该拳将在你的下回合释放。)[/s]
\n[s:.7](每回合可施放一次。)[/s]"
abilities.csv,1529,ABILITY_FALCONPUNCH2_DESC,missing_expected_zh,Charge,充能,"Charge up a mega dash attack.
\n[s:.7](This punch will be unleashed on your next turn.)[/s]
\n[s:.7](Castable once per turn.)[/s]","蓄力巨冲攻击。
\n[s:.7](该拳将在你的下回合释放。)[/s]
\n[s:.7](每回合可施放一次。)[/s]"
abilities.csv,1598,ABILITY_CHAOSRAMPAGE_DESC,missing_expected_zh,Confusion,困惑,"Take an extra turn. You have Madness 1 and Confusion 1 on that turn.
\n[s:.7](This spell can't be cast on extra turns.)[/s]","获得额外回合。
\n该回合你具有1层疯狂和1层迷惑。
\n
\n[s:.7](该法术不能在额外回合施放。)[/s]"
abilities.csv,1701,ABILITY_CUTPURSE_DESC,missing_expected_zh,Shield,护盾,Throw a nail that knocks coins out of units it hits and ignores shield.,"投掷一个钉子，
\n将命中的单位的钱币击落，
\n并无视盾牌。"
abilities.csv,1702,ABILITY_CUTPURSE2_DESC,missing_expected_zh,Shield,护盾,Throw 2 nails that knock coins out of units they hit and ignore shield.,"投掷2个钉子，
\n将命中的单位的钱币击落，
\n并无视盾牌。"
abilities.csv,1933,ABILITY_CALLOFTHEWILD_DESC,missing_expected_zh,Charmed,被迷惑,Spawn a charmed Tom Tom.,"召唤一个被魅惑的Tom Tom。
\n"
abilities.csv,1933,ABILITY_CALLOFTHEWILD_DESC,potential_bad_zh,Charmed,被迷惑,Spawn a charmed Tom Tom.,"召唤一个被魅惑的Tom Tom。
\n"
abilities.csv,1934,ABILITY_CALLOFTHEWILD2_DESC,missing_expected_zh,Charmed,被迷惑,Spawn a charmed Tom Tom on any tile.,"在任意格子上召唤一个被魅惑的TomTom。
\n"
abilities.csv,1934,ABILITY_CALLOFTHEWILD2_DESC,potential_bad_zh,Charmed,被迷惑,Spawn a charmed Tom Tom on any tile.,"在任意格子上召唤一个被魅惑的TomTom。
\n"
abilities.csv,1953,ABILITY_SOOTHINGSHOT_DESC,missing_expected_zh,Charmed,被迷惑,A ranged shot that heals and inflicts Charmed 1.,"一发远程射击，
\n治疗并附加1层魅惑。"
abilities.csv,1953,ABILITY_SOOTHINGSHOT_DESC,potential_bad_zh,Charmed,被迷惑,A ranged shot that heals and inflicts Charmed 1.,"一发远程射击，
\n治疗并附加1层魅惑。"
abilities.csv,1954,ABILITY_SOOTHINGSHOT2_DESC,missing_expected_zh,Charmed,被迷惑,"A ranged shot that heals and inflicts Charmed 2.
\nAgainst allies this cleanses debuffs and inflicts Charmed 1 instead.","一发远程射击，
\n治疗并附加2层魅惑。
\n对盟友时则解除负面状态并改为附加1层魅惑。
\n"
abilities.csv,1954,ABILITY_SOOTHINGSHOT2_DESC,potential_bad_zh,Charmed,被迷惑,"A ranged shot that heals and inflicts Charmed 2.
\nAgainst allies this cleanses debuffs and inflicts Charmed 1 instead.","一发远程射击，
\n治疗并附加2层魅惑。
\n对盟友时则解除负面状态并改为附加1层魅惑。
\n"
abilities.csv,1959,ABILITY_POISONLACE_DESC,missing_expected_zh,Poison,中毒,Give yourself or an adjacent unit +1 Poison Lace.,给自己或相邻单位 +1 毒缚。
abilities.csv,1960,ABILITY_POISONLACE2_DESC,missing_expected_zh,Poison,中毒,Give yourself or any other unit +1 Poison Lace.,给自己或其他单位 +1 毒缚。
abilities.csv,2024,ABILITY_SUPLEX2_DESC,missing_expected_zh,Immobile,定身,"Grab a unit in front of you and slam it into the tile behind you, inflicting Bruise 3 and Immobile.","抓住你面前的单位，
\n将其猛击到你身后的格子中，
\n造成3层挫伤和定身。"
abilities.csv,2024,ABILITY_SUPLEX2_DESC,potential_bad_zh,Immobile,定身,"Grab a unit in front of you and slam it into the tile behind you, inflicting Bruise 3 and Immobile.","抓住你面前的单位，
\n将其猛击到你身后的格子中，
\n造成3层挫伤和定身。"
abilities.csv,2026,ABILITY_MOVE_DESC,placeholder_mismatch,,,{he} go,移动
abilities.csv,2031,ABILITY_JUMP_DESC,placeholder_mismatch,,,{he} jump,跳跃
abilities.csv,2036,ABILITY_TELEPORT_DESC,placeholder_mismatch,,,{he} teleport,传送
abilities.csv,2041,ABILITY_DIG_DESC,placeholder_mismatch,,,{he} dig,挖掘
abilities.csv,2046,ABILITY_SHADOWSTEP_DESC,placeholder_mismatch,,,{he} teleport,传送
abilities.csv,2051,ABILITY_SWAP_DESC,placeholder_mismatch,,,{he} swap,交换
abilities.csv,2056,ABILITY_SWIMMERMOVE_DESC,placeholder_mismatch,,,{he} go,移动
abilities.csv,2061,ABILITY_TRAMPLEMOVE_DESC,placeholder_mismatch,,,{he} go,移动
abilities.csv,2066,ABILITY_MOVEONETILE_DESC,placeholder_mismatch,,,{he} go,移动
abilities.csv,2071,ABILITY_MAXTELEPORT_DESC,placeholder_mismatch,,,{he} teleport,传送
abilities.csv,2076,ABILITY_FLOAT_DESC,placeholder_mismatch,,,{he} go,移动
abilities.csv,2204,ABILITY_SPAREPARTS_DESC,missing_expected_zh,Charge,充能,"Destroy your weapon and gain one of the following: +2 [img:shield], +4 Charge, +1 Thorns, or 1 coin.","摧毁你的武器并获得以下之一：
\n+2 [img:shield]、+4充能、+1荆棘，
\n或1个硬币。"
abilities.csv,2205,ABILITY_SPAREPARTS2_DESC,missing_expected_zh,Charge,充能,"Destroy your weapon and gain one of the following: +4 [img:shield], +8 Charge, +2 Thorns, or 2 coins.","摧毁你的武器并获得以下之一：
\n+4 [img:shield]、+8充能、+2荆棘，
\n或2个硬币。"
abilities.csv,2317,ABILITY_SOULTRANSFER2_DESC,missing_expected_zh,Charmed,被迷惑,"Give a unit +1 [img:con] and heal it 4 HP. You gain -1 [img:con] and lose 4 health.
\nThis spell can revive units. If the unit revived was an enemy it gets charmed for the battle.","给予一个单位+1 [img:con] 并治疗其4点生命值。
\n
\n你获得-1 [img:con] 并失去4点生命值。
\n
\n此法术可以复活单位。
\n如果复活的是敌人，
\n它将被魅惑于该战斗中。"
abilities.csv,2317,ABILITY_SOULTRANSFER2_DESC,potential_bad_zh,Charmed,被迷惑,"Give a unit +1 [img:con] and heal it 4 HP. You gain -1 [img:con] and lose 4 health.
\nThis spell can revive units. If the unit revived was an enemy it gets charmed for the battle.","给予一个单位+1 [img:con] 并治疗其4点生命值。
\n
\n你获得-1 [img:con] 并失去4点生命值。
\n
\n此法术可以复活单位。
\n如果复活的是敌人，
\n它将被魅惑于该战斗中。"
items.csv,16,ITEM_BAGOFCHUM_DESC,missing_expected_zh,Charmed,被迷惑,Use: Spawn a Charmed Maggot.,使用：生成一个受魅魔蛆。
items.csv,98,ITEM_BUTTERFLYKNIFE_DESC,missing_expected_zh,Bleed,流血,"Use: A multi-hit melee attack that inflicts Bleed.
\n[s:.7](Usable once per battle.)[/s]","使用：
\n一次多次命中的近战攻击，
\n造成出血。
\n[s:.7](每场战斗可使用一次。)[/s]"
items.csv,98,ITEM_BUTTERFLYKNIFE_DESC,potential_bad_zh,Bleed,流血,"Use: A multi-hit melee attack that inflicts Bleed.
\n[s:.7](Usable once per battle.)[/s]","使用：
\n一次多次命中的近战攻击，
\n造成出血。
\n[s:.7](每场战斗可使用一次。)[/s]"
items.csv,138,ITEM_FINGERBONE_DESC,missing_expected_zh,Immobile,无法移动,"Use: A straight ranged attack that inflicts Immobile 3.
\n[s:.7](Usable once per battle.)[/s]","使用：一次直线远程攻击，
\n附加定身3。
\n[s:.7](每场战斗仅能使用一次。)[/s]"
items.csv,138,ITEM_FINGERBONE_DESC,potential_bad_zh,Immobile,无法移动,"Use: A straight ranged attack that inflicts Immobile 3.
\n[s:.7](Usable once per battle.)[/s]","使用：一次直线远程攻击，
\n附加定身3。
\n[s:.7](每场战斗仅能使用一次。)[/s]"
items.csv,184,ITEM_IRRADIATEDOBJECT_CHARMED_DESC,missing_expected_zh,Charmed,被迷惑,"Use: A melee attack that inflicts Charmed 1.
\n{str_aux_item_desc}
\n[s:.7](Usable once per battle.)[/s]","使用：近战攻击，造成魅惑 1。
\n
\n{str_aux_item_desc}
\n[s:.7](每场战斗仅能使用一次。)[/s]"
items.csv,184,ITEM_IRRADIATEDOBJECT_CHARMED_DESC,potential_bad_zh,Charmed,被迷惑,"Use: A melee attack that inflicts Charmed 1.
\n{str_aux_item_desc}
\n[s:.7](Usable once per battle.)[/s]","使用：近战攻击，造成魅惑 1。
\n
\n{str_aux_item_desc}
\n[s:.7](每场战斗仅能使用一次。)[/s]"
items.csv,269,ITEM_PHARAOHSTAFF_DESC,missing_expected_zh,Charmed,被迷惑,"Use: Summon a swarm of charmed flies.
\nWhen you destroy a corpse, restore this weapon's use.","使用：召唤一群被魅惑的苍蝇。
\n当你摧毁尸体时，
\n恢复此武器的使用次数。"
items.csv,269,ITEM_PHARAOHSTAFF_DESC,potential_bad_zh,Charmed,被迷惑,"Use: Summon a swarm of charmed flies.
\nWhen you destroy a corpse, restore this weapon's use.","使用：召唤一群被魅惑的苍蝇。
\n当你摧毁尸体时，
\n恢复此武器的使用次数。"
items.csv,397,ITEM_URANIUMROD_DESC,missing_expected_zh,Mutation,变异,"Use: A melee attack that inflicts -1 [img:con], Poison 2 and Weakness 1.
\nAt the end of each battle, if you are downed, gain a random mutation.","使用：一次近战攻击，
\n造成-1 [img:con]、2层中毒和1层虚弱。
\n
\n如果战斗结束时你处于倒地状态，
\n获得一个随机突变。"
items.csv,425,ITEM_BALLOFYARN_DESC,missing_expected_zh,Charmed,被迷惑,Spawn a Charmed Kitten with All Stats Up 2 at the start of each battle.,"在每场战斗开始时生成一只带有
\n全属性提升2的被魅惑的小猫。"
items.csv,425,ITEM_BALLOFYARN_DESC,potential_bad_zh,Charmed,被迷惑,Spawn a Charmed Kitten with All Stats Up 2 at the start of each battle.,"在每场战斗开始时生成一只带有
\n全属性提升2的被魅惑的小猫。"
items.csv,467,ITEM_CHARONSOBAL_DESC,missing_expected_zh,Charmed,被迷惑,+6 corpse health. Spawn a Charmed Reaper when you are downed.,"+6 尸体生命值。
\n当你倒地时生成一个被魅惑的死神。
\n"
items.csv,467,ITEM_CHARONSOBAL_DESC,potential_bad_zh,Charmed,被迷惑,+6 corpse health. Spawn a Charmed Reaper when you are downed.,"+6 尸体生命值。
\n当你倒地时生成一个被魅惑的死神。
\n"
items.csv,591,ITEM_LUCIFERSIGIL_DESC,missing_expected_zh,Charmed,被迷惑,Summon a Charmed Brute at the start of each battle.,"每场战斗开始时召唤一个被魅惑的蛮兽。
\n"
items.csv,591,ITEM_LUCIFERSIGIL_DESC,potential_bad_zh,Charmed,被迷惑,Summon a Charmed Brute at the start of each battle.,"每场战斗开始时召唤一个被魅惑的蛮兽。
\n"
items.csv,811,ITEM_GIZZARD_DESC,missing_expected_zh,Mutation,变异,Use: Enter Mockingbird Form. Gain a random bird mutation at the end of the battle.,"使用：进入嘲鸫形态。
\n在战斗结束时获得一个随机鸟类突变。
\n"
items.csv,847,ITEM_RAPTOREGG_DESC,missing_expected_zh,Charmed,被迷惑,"Use: Heal to full.
\n10% chance at the end of each turn to break and summon a Charmed Raptor Kitten.","使用：恢复至满血。
\n每回合结束时有10%几率破碎
\n并召唤一只被魅惑的迅猛龙幼崽。
\n"
items.csv,847,ITEM_RAPTOREGG_DESC,potential_bad_zh,Charmed,被迷惑,"Use: Heal to full.
\n10% chance at the end of each turn to break and summon a Charmed Raptor Kitten.","使用：恢复至满血。
\n每回合结束时有10%几率破碎
\n并召唤一只被魅惑的迅猛龙幼崽。
\n"
items.csv,919,ARMOR_CONFUSINGHAT_DESC,missing_expected_zh,Confusion,困惑,Apply Confusion 2 to yourself and all enemies at the start of each battle.,"每场战斗开始时对自己和所有敌人施加迷惑2。
\n"
items.csv,965,ARMOR_JOHNNYSUNDIES_DESC,missing_expected_zh,Charmed,被迷惑,Spawn a Charmed Cultist at the start of each battle.,"每场战斗开始时召唤一个魅惑的教徒。
\n"
items.csv,965,ARMOR_JOHNNYSUNDIES_DESC,potential_bad_zh,Charmed,被迷惑,Spawn a Charmed Cultist at the start of each battle.,"每场战斗开始时召唤一个魅惑的教徒。
\n"
items.csv,995,ARMOR_ROTTENGUTS_DESC,missing_expected_zh,Charmed,被迷惑,+2 Health Regen. Spawn a Charmed Maggot or Fly when you end your turn.,"+2生命值回复。
\n每当回合结束时，
\n生成一个被魅惑的蛆虫或苍蝇。"
items.csv,995,ARMOR_ROTTENGUTS_DESC,potential_bad_zh,Charmed,被迷惑,+2 Health Regen. Spawn a Charmed Maggot or Fly when you end your turn.,"+2生命值回复。
\n每当回合结束时，
\n生成一个被魅惑的蛆虫或苍蝇。"
items.csv,1003,ARMOR_SNAKESKINHAT_DESC,missing_expected_zh,Charmed,被迷惑,Spawn a Charmed Rattlesnek at the start of each battle.,"每场战斗开始时生成一个被魅惑的响尾蛇。
\n"
items.csv,1003,ARMOR_SNAKESKINHAT_DESC,potential_bad_zh,Charmed,被迷惑,Spawn a Charmed Rattlesnek at the start of each battle.,"每场战斗开始时生成一个被魅惑的响尾蛇。
\n"
items.csv,1067,ARMOR_COLOSTOMYBAG_DESC,missing_expected_zh,Charmed,被迷惑,"Spawn Charmed Dips randomly when you move over tiles.
\nWhile downed, spawn a Charmed Dip at the end of each round.","当你经过格子时随机生成魅惑蘸酱。
\n
\n倒地时，
\n每回合结束时生成一个魅惑蘸酱。
\n"
items.csv,1067,ARMOR_COLOSTOMYBAG_DESC,potential_bad_zh,Charmed,被迷惑,"Spawn Charmed Dips randomly when you move over tiles.
\nWhile downed, spawn a Charmed Dip at the end of each round.","当你经过格子时随机生成魅惑蘸酱。
\n
\n倒地时，
\n每回合结束时生成一个魅惑蘸酱。
\n"
items.csv,1131,ARMOR_POLYP_DESC,missing_expected_zh,Charmed,被迷惑,+1 Health Regen. 25% chance to spawn a Charmed Clot when you take damage.,"+1 生命值回复。
\n每次受到伤害时25%几率生成一个被魅惑的
\n凝块。"
items.csv,1131,ARMOR_POLYP_DESC,potential_bad_zh,Charmed,被迷惑,+1 Health Regen. 25% chance to spawn a Charmed Clot when you take damage.,"+1 生命值回复。
\n每次受到伤害时25%几率生成一个被魅惑的
\n凝块。"
items.csv,1167,ARMOR_SURVIVALISTGAITER_DESC,missing_expected_zh,Dodge,闪避,"+40% Dodge Chance while standing in tall grass.
\nStart each battle with Stealth 1. Lose this stealth when you use your basic attack.","+40% 躲避几率，
\n当站在高草中时生效。
\n每场战斗开始时拥有潜行1。
\n使用基本攻击后失去该潜行。"
items.csv,1211,ARMOR_CONJOINEDAMEOBA_DESC,missing_expected_zh,Charmed,被迷惑,"Brace 2. +2 Health Regen. Units that contact you are knocked back 2 tiles.
\n20% chance to spawn a Charmed Ameoba at the end of the turn.","坚毅 2。+2 生命值回复。
\n接触你的单位会被击退2格。
\n回合结束时有20%几率召唤一个魅惑变形虫。"
items.csv,1211,ARMOR_CONJOINEDAMEOBA_DESC,potential_bad_zh,Charmed,被迷惑,"Brace 2. +2 Health Regen. Units that contact you are knocked back 2 tiles.
\n20% chance to spawn a Charmed Ameoba at the end of the turn.","坚毅 2。+2 生命值回复。
\n接触你的单位会被击退2格。
\n回合结束时有20%几率召唤一个魅惑变形虫。"
items.csv,1217,ARMOR_DOODIEMASK_DESC,missing_expected_zh,Charmed,被迷惑,Spawn a Charmed Fly at the end of your turn.,回合结束时召唤一个魅惑苍蝇。
items.csv,1217,ARMOR_DOODIEMASK_DESC,potential_bad_zh,Charmed,被迷惑,Spawn a Charmed Fly at the end of your turn.,回合结束时召唤一个魅惑苍蝇。
items.csv,1249,ARMOR_LEATHERHIDEMASK_DESC,missing_expected_zh,Charmed,被迷惑,"+1 Brace, +1 Health Regen, 5% chance to spawn a Charmed Flea each turn.","+1 坚毅，+1 生命值回复，
\n
\n每回合有 5% 几率召唤魅惑跳蚤。"
items.csv,1249,ARMOR_LEATHERHIDEMASK_DESC,potential_bad_zh,Charmed,被迷惑,"+1 Brace, +1 Health Regen, 5% chance to spawn a Charmed Flea each turn.","+1 坚毅，+1 生命值回复，
\n
\n每回合有 5% 几率召唤魅惑跳蚤。"
items.csv,1289,ARMOR_STEVENMASK2_DESC,missing_expected_zh,Charmed,被迷惑,"While you're downed, spawn a random charmed enemy familiar at the end of each round.","当你倒地时，
\n每回合结束时生成一个随机被魅惑的敌方召唤兽。
\n"
items.csv,1289,ARMOR_STEVENMASK2_DESC,potential_bad_zh,Charmed,被迷惑,"While you're downed, spawn a random charmed enemy familiar at the end of each round.","当你倒地时，
\n每回合结束时生成一个随机被魅惑的敌方召唤兽。
\n"
items.csv,1299,ARMOR_TINASFRIEND_DESC,missing_expected_zh,Charmed,被迷惑,Spawn a large Charmed Fly at the start of each battle.,"每场战斗开始时生成一个大型被魅惑的苍蝇。
\n"
items.csv,1299,ARMOR_TINASFRIEND_DESC,potential_bad_zh,Charmed,被迷惑,Spawn a large Charmed Fly at the start of each battle.,"每场战斗开始时生成一个大型被魅惑的苍蝇。
\n"
items.csv,1338,ARMOR_SCARYBABY_DESC,missing_expected_zh,Fear,恐惧,Inflict Fear 2 on a random enemy at the start of each battle.,"在每场战斗开始时对随机敌人施加害怕 2。
\n"
items.csv,1340,ARMOR_CHARMINGBABY_DESC,missing_expected_zh,Charmed,被迷惑,Inflict Charmed 2 on a random enemy at the start of each battle.,"在每场战斗开始时对随机敌人施加魅惑 2。
\n"
items.csv,1340,ARMOR_CHARMINGBABY_DESC,potential_bad_zh,Charmed,被迷惑,Inflict Charmed 2 on a random enemy at the start of each battle.,"在每场战斗开始时对随机敌人施加魅惑 2。
\n"
items.csv,1362,SETBONUS_BIGROCK_DESC,missing_expected_zh,Charmed,被迷惑,Spawn 2 Charmed Geolads at the start of each battle.,"在每场战斗开始时生成2个被魅惑的地质精灵。
\n"
items.csv,1362,SETBONUS_BIGROCK_DESC,potential_bad_zh,Charmed,被迷惑,Spawn 2 Charmed Geolads at the start of each battle.,"在每场战斗开始时生成2个被魅惑的地质精灵。
\n"
items.csv,1396,ARMOR_HOOKEDNECKLACE_DESC,missing_expected_zh,Cleave,切割,+2 Thorns. Cleave units that contact you.,"+2 荆棘。劈砍接触你的单位。
\n"
items.csv,1596,SETBONUS_FECAL_DESC,potential_bad_zh,Poison,中毒,"Poisonous 1.
\nYour basic attack inflicts Poison.","剧毒。
\n你的基础攻击会造成中毒。"
items.csv,1705,ARMOR_HYBRIDNECKLACE_DESC,missing_expected_zh,Charge,充能,Start with +5 Charge and Bruise 1.,开始时获得+5充能和挫伤1效果。
items.csv,1830,ARMOR_MOTHERSHAT_DESC,missing_expected_zh,Charmed,被迷惑,Spawn a Charmed Tiny Tumor at the start of each battle and whenever you're downed.,"每场战斗开始时及你倒地时生成
\n一个被魅惑的微型肿瘤。"
items.csv,1830,ARMOR_MOTHERSHAT_DESC,potential_bad_zh,Charmed,被迷惑,Spawn a Charmed Tiny Tumor at the start of each battle and whenever you're downed.,"每场战斗开始时及你倒地时生成
\n一个被魅惑的微型肿瘤。"
items.csv,1832,ARMOR_MOTHERSMASK_DESC,missing_expected_zh,Charmed,被迷惑,Spawn a Charmed Tiny Tumor at the start of each battle and whenever you're downed.,"每场战斗开始时及你倒地时生成
\n一个被魅惑的微型肿瘤。"
items.csv,1832,ARMOR_MOTHERSMASK_DESC,potential_bad_zh,Charmed,被迷惑,Spawn a Charmed Tiny Tumor at the start of each battle and whenever you're downed.,"每场战斗开始时及你倒地时生成
\n一个被魅惑的微型肿瘤。"
items.csv,1834,ARMOR_MOTHERSNECKLACE_DESC,missing_expected_zh,Charmed,被迷惑,Spawn a Charmed Tiny Tumor at the start of each battle and whenever you're downed.,"每场战斗开始时及你倒地时生成
\n一个被魅惑的微型肿瘤。"
items.csv,1834,ARMOR_MOTHERSNECKLACE_DESC,potential_bad_zh,Charmed,被迷惑,Spawn a Charmed Tiny Tumor at the start of each battle and whenever you're downed.,"每场战斗开始时及你倒地时生成
\n一个被魅惑的微型肿瘤。"
items.csv,1925,ARMOR_MYSTICEYE_DESC,missing_expected_zh,Reflect,反射,+25% chance to reflect projectiles. Your tile-targeted spells have +2 range.,"+25%几率反弹投射物。
\n你的地格目标法术射程增加2格。
\n"
items.csv,1950,ARMOR_RATHAT_DESC,missing_expected_zh,Charmed,被迷惑,Start battle with a Charmed Pinky.,"战斗开始时拥有一个被魅惑的小拇指。
\n"
items.csv,1950,ARMOR_RATHAT_DESC,potential_bad_zh,Charmed,被迷惑,Start battle with a Charmed Pinky.,"战斗开始时拥有一个被魅惑的小拇指。
\n"
items.csv,1952,ARMOR_RATMASK_DESC,missing_expected_zh,Charmed,被迷惑,Start battle with a Charmed Pinky.,"战斗开始时拥有一个被魅惑的小拇指。
\n"
items.csv,1952,ARMOR_RATMASK_DESC,potential_bad_zh,Charmed,被迷惑,Start battle with a Charmed Pinky.,"战斗开始时拥有一个被魅惑的小拇指。
\n"
items.csv,1954,ARMOR_RATNECKLACE_DESC,missing_expected_zh,Charmed,被迷惑,Start battle with a Charmed Pinky.,"战斗开始时拥有一个被魅惑的小拇指。
\n"
items.csv,1954,ARMOR_RATNECKLACE_DESC,potential_bad_zh,Charmed,被迷惑,Start battle with a Charmed Pinky.,"战斗开始时拥有一个被魅惑的小拇指。
\n"
items.csv,1956,SETBONUS_RAT_DESC,missing_expected_zh,Charmed,被迷惑,Start battle with 2 Charmed Rats.,"战斗开始时拥有2只被魅惑的老鼠。
\n"
items.csv,1956,SETBONUS_RAT_DESC,potential_bad_zh,Charmed,被迷惑,Start battle with 2 Charmed Rats.,"战斗开始时拥有2只被魅惑的老鼠。
\n"
items.csv,1986,ARMOR_ROTTENHAT_DESC,missing_expected_zh,Charmed,被迷惑,Spawn a Charmed Maggot or Fly when you end your turn.,"在你结束回合时生成一个被魅惑的蛆虫或苍蝇。
\n"
items.csv,1986,ARMOR_ROTTENHAT_DESC,potential_bad_zh,Charmed,被迷惑,Spawn a Charmed Maggot or Fly when you end your turn.,"在你结束回合时生成一个被魅惑的蛆虫或苍蝇。
\n"
items.csv,1988,ARMOR_ROTTENMASK_DESC,missing_expected_zh,Charmed,被迷惑,Spawn a Charmed Maggot or Fly when you end your turn.,"在你结束回合时生成一个被魅惑的蛆虫或苍蝇。
\n"
items.csv,1988,ARMOR_ROTTENMASK_DESC,potential_bad_zh,Charmed,被迷惑,Spawn a Charmed Maggot or Fly when you end your turn.,"在你结束回合时生成一个被魅惑的蛆虫或苍蝇。
\n"
items.csv,1990,ARMOR_ROTTENARMOR_DESC,missing_expected_zh,Charmed,被迷惑,Spawn a Charmed Maggot or Fly when you end your turn.,"在你结束回合时生成一个被魅惑的蛆虫或苍蝇。
\n"
items.csv,1990,ARMOR_ROTTENARMOR_DESC,potential_bad_zh,Charmed,被迷惑,Spawn a Charmed Maggot or Fly when you end your turn.,"在你结束回合时生成一个被魅惑的蛆虫或苍蝇。
\n"
items.csv,2022,ARMOR_SLIMYHAT_DESC,missing_expected_zh,Immobile,无法移动,+15% chance to catch projectiles. Inflict Immobile 1 on units that contact you.,"+15% 几率捕捉投射物。
\n对接触你的
\n单位施加 定身 1。
\n"
items.csv,2022,ARMOR_SLIMYHAT_DESC,potential_bad_zh,Immobile,无法移动,+15% chance to catch projectiles. Inflict Immobile 1 on units that contact you.,"+15% 几率捕捉投射物。
\n对接触你的
\n单位施加 定身 1。
\n"
items.csv,2024,ARMOR_SLIMYMASK_DESC,missing_expected_zh,Immobile,无法移动,+15% chance to catch projectiles. Inflict Immobile 1 on units that contact you.,"+15% 几率捕捉投射物。
\n对接触你的
\n单位施加 定身 1。
\n"
items.csv,2024,ARMOR_SLIMYMASK_DESC,potential_bad_zh,Immobile,无法移动,+15% chance to catch projectiles. Inflict Immobile 1 on units that contact you.,"+15% 几率捕捉投射物。
\n对接触你的
\n单位施加 定身 1。
\n"
items.csv,2026,ARMOR_SLIMYNECKLACE_DESC,missing_expected_zh,Immobile,无法移动,+15% chance to catch projectiles. Inflict Immobile 1 on units that contact you.,"+15% 几率捕捉投射物。
\n对接触你的
\n单位施加 定身 1。
\n"
items.csv,2026,ARMOR_SLIMYNECKLACE_DESC,potential_bad_zh,Immobile,无法移动,+15% chance to catch projectiles. Inflict Immobile 1 on units that contact you.,"+15% 几率捕捉投射物。
\n对接触你的
\n单位施加 定身 1。
\n"
items.csv,2178,SETBONUS_WOOLLY_DESC,missing_expected_zh,Charmed,被迷惑,Start with a Charmed Mammoth Baby.,以被魅惑的猛犸象宝宝开始。
items.csv,2178,SETBONUS_WOOLLY_DESC,potential_bad_zh,Charmed,被迷惑,Start with a Charmed Mammoth Baby.,以被魅惑的猛犸象宝宝开始。
items.csv,2205,ARMOR_HOOKWORM_DESC,missing_expected_zh,Charmed,被迷惑,Spawn a Charmed Leech when you take damage.,"受到伤害时召唤一个被魅惑的水蛭。
\n"
items.csv,2205,ARMOR_HOOKWORM_DESC,potential_bad_zh,Charmed,被迷惑,Spawn a Charmed Leech when you take damage.,"受到伤害时召唤一个被魅惑的水蛭。
\n"
items.csv,2207,ARMOR_LICE_DESC,missing_expected_zh,Charmed,被迷惑,Bruise 1. Spawn a charmed Louse when you take damage.,"挫伤 1。
\n受到伤害时召唤一个被魅惑的虱子。"
items.csv,2207,ARMOR_LICE_DESC,potential_bad_zh,Charmed,被迷惑,Bruise 1. Spawn a charmed Louse when you take damage.,"挫伤 1。
\n受到伤害时召唤一个被魅惑的虱子。"
items.csv,2209,ARMOR_MALARIA_DESC,missing_expected_zh,Charmed,被迷惑,"At the end of each battle, all of your stats are permanently reduced by 1.
\nSpawn 2 Charmed Fly Swarms when you're downed.
\nIf your [img:con] is 0 or less, start each battle down","每场战斗结束时，
\n你所有属性永久降低 1。
\n倒地时召唤 2 个被魅惑的苍蝇群。
\n"
items.csv,2209,ARMOR_MALARIA_DESC,potential_bad_zh,Charmed,被迷惑,"At the end of each battle, all of your stats are permanently reduced by 1.
\nSpawn 2 Charmed Fly Swarms when you're downed.
\nIf your [img:con] is 0 or less, start each battle down","每场战斗结束时，
\n你所有属性永久降低 1。
\n倒地时召唤 2 个被魅惑的苍蝇群。
\n"
items.csv,2215,ARMOR_SCABIES_DESC,missing_expected_zh,Charmed,被迷惑,Bruise 2. Spawn a charmed Flea when you take damage.,"挫伤 2。
\n受到伤害时召唤一个被魅惑的跳蚤。"
items.csv,2215,ARMOR_SCABIES_DESC,potential_bad_zh,Charmed,被迷惑,Bruise 2. Spawn a charmed Flea when you take damage.,"挫伤 2。
\n受到伤害时召唤一个被魅惑的跳蚤。"
items.csv,2265,ITEM_BIGTOECURSED_DESC,missing_expected_zh,Charmed,被迷惑,"After your 3rd turn, spawn a Charmed Spookie with Madness on a random tile.","第3个回合结束后，
\n在随机地块上召唤一只带有疯狂效果的魅惑鬼怪。
\n"
items.csv,2265,ITEM_BIGTOECURSED_DESC,potential_bad_zh,Charmed,被迷惑,"After your 3rd turn, spawn a Charmed Spookie with Madness on a random tile.","第3个回合结束后，
\n在随机地块上召唤一只带有疯狂效果的魅惑鬼怪。
\n"
items.csv,2402,ITEM_SIGNALAMPLIFIER_DESC,missing_expected_zh,Madness,疯狂,"Place it on a floating head inside The Rift.
\nSpawn a random robot miniboss with Madness at the end of the first round.
\nUse: Energize all robots and give yourself All Stats Up.","放置在裂隙内的一个漂浮的头部上。
\n
\n第一回合结束时生成一个带有疯
\n狂的随机机器人小Boss。"
mutations.csv,10,MUTATION_BODY_318_DESC,missing_expected_zh,Charmed,被迷惑,25% chance to spawn a Charmed Fly each turn.,"每回合有25%的几率生成一只魅惑苍蝇。
\n"
mutations.csv,10,MUTATION_BODY_318_DESC,potential_bad_zh,Charmed,被迷惑,25% chance to spawn a Charmed Fly each turn.,"每回合有25%的几率生成一只魅惑苍蝇。
\n"
mutations.csv,12,MUTATION_BODY_321_DESC,missing_expected_zh,Charmed,被迷惑,Spawn a Charmed Kitten familiar when you get downed.,濒死时生成一只魅惑小猫宠物。
mutations.csv,12,MUTATION_BODY_321_DESC,potential_bad_zh,Charmed,被迷惑,Spawn a Charmed Kitten familiar when you get downed.,濒死时生成一只魅惑小猫宠物。
mutations.csv,25,MUTATION_EARS_315_DESC,missing_expected_zh,Charmed,被迷惑,50% chance to spawn a Charmed Fly each turn. Start with Poison 1.,"每回合有50%几率召唤一只魅惑飞虫。
\n
\n开始时带有中毒 1。"
mutations.csv,25,MUTATION_EARS_315_DESC,potential_bad_zh,Charmed,被迷惑,50% chance to spawn a Charmed Fly each turn. Start with Poison 1.,"每回合有50%几率召唤一只魅惑飞虫。
\n
\n开始时带有中毒 1。"
mutations.csv,38,MUTATION_EARS_330_DESC,missing_expected_zh,Immobile,无法移动,Thorns 1. 10% chance to inflict Immobile on units that contact you.,"1层荆棘。
\n接触你的单位有10%几率被定身。
\n"
mutations.csv,38,MUTATION_EARS_330_DESC,potential_bad_zh,Immobile,无法移动,Thorns 1. 10% chance to inflict Immobile on units that contact you.,"1层荆棘。
\n接触你的单位有10%几率被定身。
\n"
mutations.csv,44,MUTATION_EARS_337_DESC,missing_expected_zh,Burn,灼烧,Your basic attack inflicts Burn 1.,你的普通攻击造成燃烧 1。
mutations.csv,48,MUTATION_EARS_342_DESC,missing_expected_zh,Charmed,被迷惑,20% chance to spawn a Charmed Flea when damaged.,"受到伤害时有20%几率召唤迷惑跳蚤。
\n"
mutations.csv,50,MUTATION_EARS_344_DESC,missing_expected_zh,Charmed,被迷惑,Spawn a Charmed Kitten familiar when you get downed.,濒死时生成一只魅惑小猫宠物。
mutations.csv,50,MUTATION_EARS_344_DESC,potential_bad_zh,Charmed,被迷惑,Spawn a Charmed Kitten familiar when you get downed.,濒死时生成一只魅惑小猫宠物。
mutations.csv,61,MUTATION_EARS_704_DESC,missing_expected_zh,Immobile,无法移动,Start each battle with Immobile 1.,每场战斗开始时获得定身 1。
mutations.csv,77,MUTATION_EYES_306_DESC,missing_expected_zh,Confusion,困惑,Your basic attack has a 10% chance to inflict Confusion 3.,"你的普通攻击有10%的几率造成迷惑3。
\n"
mutations.csv,102,MUTATION_EYES_338_DESC,missing_expected_zh,Burn,灼烧,Your basic attack inflicts Burn.,你的普通攻击造成燃烧效果。
mutations.csv,176,MUTATION_LEGS_335_DESC,missing_expected_zh,Bleed,流血,+1 Bleed Thorns. Spawn glass when you take damage.,"+1 出血荆棘。
\n当你受到伤害时生成玻璃。"
mutations.csv,176,MUTATION_LEGS_335_DESC,potential_bad_zh,Bleed,流血,+1 Bleed Thorns. Spawn glass when you take damage.,"+1 出血荆棘。
\n当你受到伤害时生成玻璃。"
mutations.csv,182,MUTATION_LEGS_343_DESC,missing_expected_zh,Charmed,被迷惑,Spawn a Charmed Kitten familiar when you get downed.,濒死时生成一只魅惑小猫宠物。
mutations.csv,182,MUTATION_LEGS_343_DESC,potential_bad_zh,Charmed,被迷惑,Spawn a Charmed Kitten familiar when you get downed.,濒死时生成一只魅惑小猫宠物。
mutations.csv,253,MUTATION_TAIL_334_DESC,missing_expected_zh,Burn,灼烧,Your basic attack inflicts Burn 1.,你的普通攻击造成燃烧 1。
mutations.csv,256,MUTATION_TAIL_338_DESC,missing_expected_zh,Burn,灼烧,Your basic attack inflicts Burn 1.,你的普通攻击造成燃烧 1。
mutations.csv,259,MUTATION_TAIL_342_DESC,missing_expected_zh,Charmed,被迷惑,Spawn a Charmed Kitten familiar when you get downed.,濒死时生成一只魅惑小猫宠物。
mutations.csv,259,MUTATION_TAIL_342_DESC,potential_bad_zh,Charmed,被迷惑,Spawn a Charmed Kitten familiar when you get downed.,濒死时生成一只魅惑小猫宠物。
mutations.csv,260,MUTATION_TAIL_703_DESC,missing_expected_zh,Immobile,无法移动,Start each battle with Immobile 1.,每场战斗开始时获得定身 1。
passives.csv,282,PASSIVE_PUTREFY2_DESCRIPTION,missing_expected_zh,Rot,腐烂,Your basic attack inflicts permanent Rot.,你的基础攻击会造成永久腐败。
passives.csv,300,PASSIVE_HOOKED2_DESC,missing_expected_zh,Cleave,切割,"You can use your hook 2 additional times on your turn.
\nYour hook deals +1 damage and has Cleave.","你在你的回合中可以额外使用 2 次钩爪。
\n
\n你的钩爪造成 +1 伤害并拥有分裂攻击。
\n"
passives.csv,302,PASSIVE_HOOKED2_MULTICLASS_DESC,missing_expected_zh,Cleave,切割,"You can use your weapon 2 additional times on your turn.
\nYour weapon deals +1 damage and has Cleave.","你在你的回合中可以额外使用 2 次武器。
\n
\n你的武器造成 +1 伤害并拥有分裂攻击。
\n"
passives.csv,304,PASSIVE_STOMPY_DESC,missing_expected_zh,Cleave,切割,"You have Trample.
\nTrample damage you deal has Cleave.","你拥有践踏。
\n你造成的践踏伤害拥有切割。
\n"
passives.csv,305,PASSIVE_STOMPY2_DESC,missing_expected_zh,Cleave,切割,"You have Trample and +2 Bonus Moves.
\nTrample damage you deal has Cleave.","你拥有践踏和 +2 额外移动次数。
\n
\n你造成的践踏伤害拥有切割。
\n"
passives.csv,336,PASSIVE_LORDOFTHEFLIES_DESC,missing_expected_zh,Charmed,被迷惑,"All flies are Charmed and get +1 Damage.
\nWhenever you inflict Rot, you inflict +1 Rot.","所有苍蝇均被魅惑并获得+1伤害。
\n
\n每当你造成腐烂效果，
\n同时附加+1腐烂伤害。"
passives.csv,336,PASSIVE_LORDOFTHEFLIES_DESC,potential_bad_zh,Charmed,被迷惑,"All flies are Charmed and get +1 Damage.
\nWhenever you inflict Rot, you inflict +1 Rot.","所有苍蝇均被魅惑并获得+1伤害。
\n
\n每当你造成腐烂效果，
\n同时附加+1腐烂伤害。"
passives.csv,337,PASSIVE_LORDOFTHEFLIES2_DESC,missing_expected_zh,Charmed,被迷惑,"All flies are Charmed and get +4 Damage.
\nWhenever you inflict Rot, you inflict +1 Rot.","所有苍蝇均被魅惑并获得+4伤害。
\n
\n每当你造成腐烂效果，
\n同时附加+1腐烂伤害。"
passives.csv,337,PASSIVE_LORDOFTHEFLIES2_DESC,potential_bad_zh,Charmed,被迷惑,"All flies are Charmed and get +4 Damage.
\nWhenever you inflict Rot, you inflict +1 Rot.","所有苍蝇均被魅惑并获得+4伤害。
\n
\n每当你造成腐烂效果，
\n同时附加+1腐烂伤害。"
passives.csv,461,PASSIVE_BARKSKIN_DESC,potential_bad_zh,Brace,坚毅,"+1 Brace.
\nWhen you take damage, you get +1 temporary Brace until the start of your next turn.","+1 护甲。
\n当你受到伤害时，
\n直到下回合开始你获得 +1 临时坚毅。
\n"
passives.csv,479,PASSIVE_LIKEAFISH_DESC,missing_expected_zh,Shield,护盾,"Water tiles don't slow you down.
\nGain +1 Holy Shield at the end of the turn if you're wet and have no Holy Shield.
\nFamiliars you spawn also have this passive.","水瓷砖不会减慢你的速度。
\n如果你湿身且没有圣盾，
\n回合结束时获得+1圣盾。"
passives.csv,480,PASSIVE_LIKEAFISH2_DESC,missing_expected_zh,Shield,护盾,"Water tiles don't slow you down.
\nGain +1 Holy Shield at the end of the turn if you're wet and have no Holy Shield.  Gain +1 Health Regeneration.
\nFamiliars you spawn also have t","水瓷砖不会减慢你的速度。
\n如果你湿身且没有圣盾，
\n回合结束时获得+1圣盾。
\n获得+1生命值回复。"
passives.csv,635,PASSIVE_CHAINSOFGUILT2_DESC,missing_expected_zh,Stun,眩晕,"When an enemy downs you and it wasn't a boss, it joins your party permanently. If it was a boss, inflict Stun 3 on it.","当敌人击倒你且它不是 Boss 时，
\n
\n它会永久加入你的队伍。
\n如果是 Boss，则对其施加昏迷3。
\n"
passives.csv,856,PASSIVE_ITSALIVE_DESC,missing_expected_zh,Charmed,被迷惑,"Hitting a body with electric damage revives it with 1 HP. The revived corpse is charmed and takes an extra turn, then dies.","用电击伤害击中尸体会使其以1点生命值复活。
\n
\n复活的尸体被魅惑并获得额外行动，
\n然后死亡。"
passives.csv,856,PASSIVE_ITSALIVE_DESC,potential_bad_zh,Charmed,被迷惑,"Hitting a body with electric damage revives it with 1 HP. The revived corpse is charmed and takes an extra turn, then dies.","用电击伤害击中尸体会使其以1点生命值复活。
\n
\n复活的尸体被魅惑并获得额外行动，
\n然后死亡。"
passives.csv,857,PASSIVE_ITSALIVE2_DESC,missing_expected_zh,Charmed,被迷惑,"Hitting a body with electric damage revives it with 1 HP, +8 [img:spd], and +2 Damage. The revived corpse is charmed and takes an extra turn, then dies.","用电击伤害击中尸体会使其以1点生命值复活，
\n
\n+8 [img:spd]，和+2 伤害。
\n复活的尸体被魅惑并获得额外行动，
\n然后死亡。"
passives.csv,857,PASSIVE_ITSALIVE2_DESC,potential_bad_zh,Charmed,被迷惑,"Hitting a body with electric damage revives it with 1 HP, +8 [img:spd], and +2 Damage. The revived corpse is charmed and takes an extra turn, then dies.","用电击伤害击中尸体会使其以1点生命值复活，
\n
\n+8 [img:spd]，和+2 伤害。
\n复活的尸体被魅惑并获得额外行动，
\n然后死亡。"
passives.csv,889,PASSIVE_NAPALM_DESC,missing_expected_zh,Burn,灼烧,Your explosions inflict Burn 1 and light tiles on fire.,"你的爆炸会造成燃烧1并点燃地面格。
\n"
passives.csv,890,PASSIVE_NAPALM2_DESC,missing_expected_zh,Burn,灼烧,Your explosions inflict Burn 3 and light tiles on fire.,"你的爆炸会造成燃烧3并点燃地面格。
\n"
passives.csv,1014,PASSIVE_FIREASPECT_DESC,missing_expected_zh,Burn,灼烧,"Fire immunity.
\nInflict Burn 1 on units that contact you.
\nYour Fire element damage is increased by 1 and inflicts +1 Burn.","火焰免疫。
\n当单位与你接触时，
\n对其施加燃烧1。"
passives.csv,1015,PASSIVE_FIREASPECT2_DESC,missing_expected_zh,Burn,灼烧,"Fire immunity.
\nInflict Burn 3 on units that contact you.
\nYour Fire element damage is increased by 2 and inflicts +3 Burn.","火焰免疫。
\n当单位与你接触时，
\n对其施加燃烧3。"
passives.csv,1026,PASSIVE_LIGHTNINGASPECT_DESC,missing_expected_zh,Charge,充能,"Electric immunity.
\nWhen you deal Electric Damage, gain +1 Charge.","电击免疫。
\n当你造成电击伤害时，
\n获得+1电荷。"
passives.csv,1027,PASSIVE_LIGHTNINGASPECT2_DESC,missing_expected_zh,Charge,充能,"Electric immunity.
\nWhen you deal Electric Damage, gain +1 Charge for each point of damage dealt.","电击免疫。
\n当你造成电击伤害时，
\n获得等同于所造成伤害点数的+1电荷。
\n"
passives.csv,1140,DISORDER_RABIES_DESC,missing_expected_zh,Madness,疯狂,"Your basic attack is a melee attack. You can't equip face armor.
\nAfter each battle, gain +2 [img:str] and -1 [img:int].
\nIf your [img:int] is 0 or less, you have Madness.","你的基础攻击为近战攻击。
\n你不能装备面部护甲。
\n每场战斗后，获得+2 [img:str] 和 -1 [img:int]。
\n"
passives.csv,1142,DISORDER_BOILS_DESC,potential_bad_zh,Brace,坚毅,"+1 Brace.
\nYou spawn a puddle of creep whenever you get hit. You can't equip face armor.","+1 坚毅。
\n每当你受到攻击时，
\n会生成一滩爬行物。
\n你不能装备面部护甲。"
passives.csv,1285,DISORDER_BORROWEDTIME_DESC,missing_expected_zh,Doomed,被诅咒的,+50% dodge chance. Doomed 3.,"+50% 闪避几率。注定 3。
\n"
passives.csv,1335,DISORDER_SPONTANEOUSCOMBUSTION_DESC,missing_expected_zh,Burn,灼烧,"When you take damage from an ability, you have a 15% chance to inflict Burn 5 on yourself and adjacent units.","当你受到技能伤害时，
\n有15%的几率对你自己及邻近单位施加燃烧5。
\n"
passives.csv,1353,DISORDER_TAMPEREDGENES_DESC,missing_expected_zh,Mutation,变异,"At the end of each battle gain a random mutation. When you're downed, your corpse is destroyed.","每场战斗结束时获得一个随机突变。
\n
\n当你被击倒时，你的尸体会被摧毁。
\n"
passives.csv,1359,DISORDER_FLAMINGFISTS_DESC,missing_expected_zh,Burn,灼烧,Your basic attacks inflict Burn 1. Start with Burn 1.,"你的基础攻击附加燃烧1。
\n开始时获得燃烧1。"
units.csv,105,ENEMY_BAT_DESC,missing_expected_zh,Dodge,闪避,"Its melee flurry inflicts Confusion.
\n50% Dodge Chance.
\nFlying.","它的近战连击会造成困惑效果。
\n50% 躲避几率。
\n飞行。"
units.csv,182,ENEMY_BIRTHWORT_DESC,missing_expected_zh,Blind,致盲,"Blind. Can melee attack and dash with Trample in random directions.
\nFires shots that inflict Rot whenever it's attacked.
\nHeals itself and its neighbors at the end of its turn.","盲目。
\n可以使用践踏进行近战攻击和冲刺，
\n方向随机。
\n被攻击时射击造成腐烂效果。"
units.csv,192,ENEMY_COREFREAK_DESC,missing_expected_zh,Blind,致盲,"Can perform a flurry melee attack or a headbutt that inflicts Stun.
\nBlind.","可以进行一连串近战攻击或造成眩晕的头槌。
\n
\n盲目。"
units.csv,194,ENEMY_HOTPOKER_DESC,missing_expected_zh,Burn,灼烧,"Has 2 melee attacks, one with Immobilize, the other with Burn that knocks a unit in the direction it's facing.
\nCan give its allies extra turns.
\nImmune to Fire.","拥有两种近战攻击，
\n一种带有定身效果，
\n另一种带有燃烧效果并将单位击退到其面向的
\n方向。
\n可以为盟友增加额外回合。"
units.csv,198,ENEMY_CLOAKEDDEMON_DESC,missing_expected_zh,Burn,灼烧,"Casts an area spell that inflicts Burn 3 to enemies and gives +1 Damage to allies.
\nInflicts Hex on units that damage it.
\nImmune to Fire.","施放范围法术，
\n对敌人造成3层燃烧，
\n对盟友赋予+1 伤害。
\n对伤害它的单位施加诅咒。"
units.csv,220,ENEMY_BPROBER_DESC,missing_expected_zh,Charmed,被迷惑,"Melee attacker. If it can melee attack a cat from behind it will inflict Charm.
\nThis Charm lasts until the Charmed cat takes damage.","近战攻击者。
\n如果它能从背后近战攻击一只猫，
\n将施加魅惑效果。
\n这种魅惑持续直到被魅惑的猫受到伤害。
\n"
units.csv,220,ENEMY_BPROBER_DESC,potential_bad_zh,Charmed,被迷惑,"Melee attacker. If it can melee attack a cat from behind it will inflict Charm.
\nThis Charm lasts until the Charmed cat takes damage.","近战攻击者。
\n如果它能从背后近战攻击一只猫，
\n将施加魅惑效果。
\n这种魅惑持续直到被魅惑的猫受到伤害。
\n"
units.csv,511,ENEMY_LUCY_DESC,missing_expected_zh,Charge,充能,Her powerful spells take time to charge up.,她强大的法术需要时间积蓄。
units.csv,650,ENEMY_LORDBUNGA_DESC,missing_expected_zh,Blind,致盲,"Retaliates when hit.
\nConsumes adjacent units at the start of his turn.
\nBlind to units behind him.","被击中时反击。
\n在他的回合开始时吞噬相邻单位。
\n
\n看不见身后的单位。"
units.csv,995,TILE_FIRETILE_DESC,missing_expected_zh,Burn,灼烧,1 Burn when entering this tile. 2 Burn when starting your turn on this tile.,"1 进入此格时燃烧。
\n2 当你在此格开始回合时燃烧。
\n"
units.csv,1003,TILE_TALLGRASSTILE_DESC,missing_expected_zh,Dodge,闪避,+50% Dodge Chance to things standing in this.,"+50% 躲闪几率，
\n作用于站在此处的目标。"
units.csv,1007,TILE_TALLFLOWERTILE_DESC,missing_expected_zh,Dodge,闪避,"+3 Health Regen, +3 Mana Regen, and +50% Dodge Chance to things standing in this.","+3 生命回复，+3 法力回复，
\n
\n及 +50% 躲闪几率，
\n作用于站在此处的目标。"
units.csv,1019,TILE_LAVATILE_DESC,missing_expected_zh,Burn,灼烧,4 Burn when entering or starting your turn on this tile. Moving through this tile costs 2 movement.,"4 进入或在该砖块上开始你的回合时燃烧。
\n
\n穿过该砖块消耗2点移动力。"
